1325,496.314,288.647,1450,126,423,556,326,119,42,38,23,12,20,10,10,13,10,5,3,4,6,6,4,9,1,4,5,4,5,3,4,7,3,3,1,0,0,3,3,1,3,1,2,1,2,2,1,1,3,3,1,2,1,3,3,1,3,0,1,1,4,3,2,2,3,1,4,1,2,3,4,4,2,4,3,3,3,4,4,5,2,1,1,6,4,2,3,2,3,4,7,8,6,6,8,7,9,13,12,8,9,12,10,11,12,12,8,13,4,11,7,4,4,9,9,7,4,4,7,2,3,3,5,6,3,3,1,3,3,1,4,1,2,1,3,2,0,0,1,0,2,0,1,0,0,0,1,1,0,0,0,0,0,0,0,0,0,1,0,0,0,0,0,0,1,0,0,0,0,0,0,0,0,0,0,0,0,0,0,0,0,0,0,0,0,0,0,0,0,0,0,0,0,0,0,0,0,0,0,0,0,0,0,0,0,0,0,0,0,0,0,0,0,0,0,0,0,0,0,0,0,0,0,0
1402,515.06,297.044,1550,115,209,337,182,121,85,59,48,33,37,37,20,17,18,13,9,7,6,8,11,9,8,8,12,7,10,7,5,6,7,4,9,7,1,8,4,6,3,4,3,4,2,3,4,6,4,5,3,2,4,7,1,1,4,5,4,1,2,1,2,3,4,0,5,9,3,4,3,1,3,1,3,4,2,2,9,8,3,4,1,12,1,9,8,6,12,10,13,11,10,5,11,13,14,13,19,16,14,17,15,20,14,22,12,23,21,18,22,18,13,10,13,13,20,10,16,14,11,8,11,7,7,5,9,7,3,3,3,2,1,3,0,2,1,0,0,1,0,0,0,0,0,0,1,0,0,0,0,0,0,0,0,0,0,1,0,0,0,0,0,0,0,0,0,0,0,0,0,0,0,0,0,0,0,0,0,0,0,0,0,0,0,0,0,0,0,0,0,0,0,0,0,0,0,0,0,0,0,0,0,0,0,0,0,0,0,0,0,0,0,0,0,0,0,0,0,0,0,0,0,0
1655,516.533,379.224,1750,35,190,293,401,214,124,59,34,36,31,24,21,17,17,13,12,10,10,9,7,7,6,7,3,10,4,5,4,3,3,3,4,6,3,6,6,2,3,1,6,3,2,1,2,0,2,2,2,4,1,1,2,3,1,0,3,1,2,0,2,7,1,2,2,4,3,1,2,3,3,1,2,4,3,2,6,2,1,4,4,1,5,6,3,4,3,4,6,7,6,4,12,10,12,11,10,11,18,16,17,22,10,16,15,18,18,15,24,15,15,14,14,13,13,18,10,15,8,8,7,8,6,4,4,1,2,3,2,0,1,3,2,0,0,0,0,1,0,0,0,0,0,0,0,0,0,0,0,0,0,0,0,0,0,0,0,0,0,0,0,0,0,0,0,0,0,0,0,0,0,0,0,0,0,0,0,0,0,0,0,0,0,0,0,0,0,0,0,0,0,0,0,0,0,0,0,0,0,0,0,0,0,0,0,0,0,0,0,0,0,0,0,0,0,0,0,0,0,0,0,0
1491,463.742,322.617,1600,404,421,542,170,57,33,26,14,8,12,6,8,8,7,6,1,8,4,1,3,4,1,4,5,2,6,4,4,2,1,3,1,3,2,0,0,2,6,2,2,2,2,0,1,2,1,3,3,2,0,1,3,1,3,2,3,3,2,0,1,3,1,2,2,2,4,1,5,4,4,6,5,2,4,4,0,6,6,5,6,8,3,4,8,12,10,7,9,14,9,10,15,15,10,12,15,10,9,9,9,13,6,13,16,8,8,9,8,4,10,5,8,3,1,5,3,4,2,2,2,0,0,0,0,1,0,0,1,1,0,0,0,0,0,0,0,0,0,0,0,0,0,0,0,0,0,0,0,0,0,0,0,0,0,0,0,0,0,0,0,0,0,0,0,0,0,0,0,0,0,0,0,0,0,0,0,0,0,0,0,0,0,0,0,0,0,0,0,0,0,0,0,0,0,0,0,0,0,0,0,0,0,0,0,0,0,0,0,0,0,0,0,0,0,0,0,0,0,0,0,0
1339,496.314,315.6,1450,126,423,556,326,119,42,38,23,12,20,10,10,13,10,5,3,4,6,6,4,9,1,4,5,4,5,3,4,7,3,3,1,0,0,3,3,1,3,1,2,1,2,2,1,1,3,3,1,2,1,3,3,1,3,0,1,1,4,3,2,2,3,1,4,1,2,3,4,4,2,4,3,3,3,4,4,5,2,1,1,6,4,2,3,2,3,4,7,8,6,6,8,7,9,13,12,8,9,12,10,11,12,12,8,13,4,11,7,4,4,9,9,7,4,4,7,2,3,3,5,6,3,3,1,3,3,1,4,1,2,1,3,2,0,0,1,0,2,0,1,0,0,0,1,1,0,0,0,0,0,0,0,0,0,1,0,0,0,0,0,0,1,0,0,0,0,0,0,0,0,0,0,0,0,0,0,0,0,0,0,0,0,0,0,0,0,0,0,0,0,0,0,0,0,0,0,0,0,0,0,0,0,0,0,0,0,0,0,0,0,0,0,0,0,0,0,0,0,0,0,0
1403,515.06,304.883,1550,115,209,337,182,121,85,59,48,33,37,37,20,17,18,13,9,7,6,8,11,9,8,8,12,7,10,7,5,6,7,4,9,7,1,8,4,6,3,4,3,4,2,3,4,6,4,5,3,2,4,7,1,1,4,5,4,1,2,1,2,3,4,0,5,9,3,4,3,1,3,1,3,4,2,2,9,8,3,4,1,12,1,9,8,6,12,10,13,11,10,5,11,13,14,13,19,16,14,17,15,20,14,22,12,23,21,18,22,18,13,10,13,13,20,10,16,14,11,8,11,7,7,5,9,7,3,3,3,2,1,3,0,2,1,0,0,1,0,0,0,0,0,0,1,0,0,0,0,0,0,0,0,0,0,1,0,0,0,0,0,0,0,0,0,0,0,0,0,0,0,0,0,0,0,0,0,0,0,0,0,0,0,0,0,0,0,0,0,0,0,0,0,0,0,0,0,0,0,0,0,0,0,0,0,0,0,0,0,0,0,0,0,0,0,0,0,0,0,0,0,0
1586,516.533,301.711,1750,35,190,293,401,214,124,59,34,36,31,24,21,17,17,13,12,10,10,9,7,7,6,7,3,10,4,5,4,3,3,3,4,6,3,6,6,2,3,1,6,3,2,1,2,0,2,2,2,4,1,1,2,3,1,0,3,1,2,0,2,7,1,2,2,4,3,1,2,3,3,1,2,4,3,2,6,2,1,4,4,1,5,6,3,4,3,4,6,7,6,4,12,10,12,11,10,11,18,16,17,22,10,16,15,18,18,15,24,15,15,14,14,13,13,18,10,15,8,8,7,8,6,4,4,1,2,3,2,0,1,3,2,0,0,0,0,1,0,0,0,0,0,0,0,0,0,0,0,0,0,0,0,0,0,0,0,0,0,0,0,0,0,0,0,0,0,0,0,0,0,0,0,0,0,0,0,0,0,0,0,0,0,0,0,0,0,0,0,0,0,0,0,0,0,0,0,0,0,0,0,0,0,0,0,0,0,0,0,0,0,0,0,0,0,0,0,0,0,0,0,0
1488,463.742,332.532,1600,404,421,542,170,57,33,26,14,8,12,6,8,8,7,6,1,8,4,1,3,4,1,4,5,2,6,4,4,2,1,3,1,3,2,0,0,2,6,2,2,2,2,0,1,2,1,3,3,2,0,1,3,1,3,2,3,3,2,0,1,3,1,2,2,2,4,1,5,4,4,6,5,2,4,4,0,6,6,5,6,8,3,4,8,12,10,7,9,14,9,10,15,15,10,12,15,10,9,9,9,13,6,13,16,8,8,9,8,4,10,5,8,3,1,5,3,4,2,2,2,0,0,0,0,1,0,0,1,1,0,0,0,0,0,0,0,0,0,0,0,0,0,0,0,0,0,0,0,0,0,0,0,0,0,0,0,0,0,0,0,0,0,0,0,0,0,0,0,0,0,0,0,0,0,0,0,0,0,0,0,0,0,0,0,0,0,0,0,0,0,0,0,0,0,0,0,0,0,0,0,0,0,0,0,0,0,0,0,0,0,0,0,0,0,0,0,0,0,0,0,0
1332,496.314,307.393,1450,126,423,556,326,119,42,38,23,12,20,10,10,13,10,5,3,4,6,6,4,9,1,4,5,4,5,3,4,7,3,3,1,0,0,3,3,1,3,1,2,1,2,2,1,1,3,3,1,2,1,3,3,1,3,0,1,1,4,3,2,2,3,1,4,1,2,3,4,4,2,4,3,3,3,4,4,5,2,1,1,6,4,2,3,2,3,4,7,8,6,6,8,7,9,13,12,8,9,12,10,11,12,12,8,13,4,11,7,4,4,9,9,7,4,4,7,2,3,3,5,6,3,3,1,3,3,1,4,1,2,1,3,2,0,0,1,0,2,0,1,0,0,0,1,1,0,0,0,0,0,0,0,0,0,1,0,0,0,0,0,0,1,0,0,0,0,0,0,0,0,0,0,0,0,0,0,0,0,0,0,0,0,0,0,0,0,0,0,0,0,0,0,0,0,0,0,0,0,0,0,0,0,0,0,0,0,0,0,0,0,0,0,0,0,0,0,0,0,0,0,0
1478,463.742,308.964,1600,404,421,542,170,57,33,26,14,8,12,6,8,8,7,6,1,8,4,1,3,4,1,4,5,2,6,4,4,2,1,3,1,3,2,0,0,2,6,2,2,2,2,0,1,2,1,3,3,2,0,1,3,1,3,2,3,3,2,0,1,3,1,2,2,2,4,1,5,4,4,6,5,2,4,4,0,6,6,5,6,8,3,4,8,12,10,7,9,14,9,10,15,15,10,12,15,10,9,9,9,13,6,13,16,8,8,9,8,4,10,5,8,3,1,5,3,4,2,2,2,0,0,0,0,1,0,0,1,1,0,0,0,0,0,0,0,0,0,0,0,0,0,0,0,0,0,0,0,0,0,0,0,0,0,0,0,0,0,0,0,0,0,0,0,0,0,0,0,0,0,0,0,0,0,0,0,0,0,0,0,0,0,0,0,0,0,0,0,0,0,0,0,0,0,0,0,0,0,0,0,0,0,0,0,0,0,0,0,0,0,0,0,0,0,0,0,0,0,0,0,0
1327,496.314,298.208,1450,126,423,556,326,119,42,38,23,12,20,10,10,13,10,5,3,4,6,6,4,9,1,4,5,4,5,3,4,7,3,3,1,0,0,3,3,1,3,1,2,1,2,2,1,1,3,3,1,2,1,3,3,1,3,0,1,1,4,3,2,2,3,1,4,1,2,3,4,4,2,4,3,3,3,4,4,5,2,1,1,6,4,2,3,2,3,4,7,8,6,6,8,7,9,13,12,8,9,12,10,11,12,12,8,13,4,11,7,4,4,9,9,7,4,4,7,2,3,3,5,6,3,3,1,3,3,1,4,1,2,1,3,2,0,0,1,0,2,0,1,0,0,0,1,1,0,0,0,0,0,0,0,0,0,1,0,0,0,0,0,0,1,0,0,0,0,0,0,0,0,0,0,0,0,0,0,0,0,0,0,0,0,0,0,0,0,0,0,0,0,0,0,0,0,0,0,0,0,0,0,0,0,0,0,0,0,0,0,0,0,0,0,0,0,0,0,0,0,0,0,0
1463,463.742,295.135,1600,404,421,542,170,57,33,26,14,8,12,6,8,8,7,6,1,8,4,1,3,4,1,4,5,2,6,4,4,2,1,3,1,3,2,0,0,2,6,2,2,2,2,0,1,2,1,3,3,2,0,1,3,1,3,2,3,3,2,0,1,3,1,2,2,2,4,1,5,4,4,6,5,2,4,4,0,6,6,5,6,8,3,4,8,12,10,7,9,14,9,10,15,15,10,12,15,10,9,9,9,13,6,13,16,8,8,9,8,4,10,5,8,3,1,5,3,4,2,2,2,0,0,0,0,1,0,0,1,1,0,0,0,0,0,0,0,0,0,0,0,0,0,0,0,0,0,0,0,0,0,0,0,0,0,0,0,0,0,0,0,0,0,0,0,0,0,0,0,0,0,0,0,0,0,0,0,0,0,0,0,0,0,0,0,0,0,0,0,0,0,0,0,0,0,0,0,0,0,0,0,0,0,0,0,0,0,0,0,0,0,0,0,0,0,0,0,0,0,0,0,0
1339,288.647,315.6,1325,156,500,571,346,72,27,27,18,13,15,5,9,8,6,4,5,5,3,9,5,6,3,1,3,9,5,4,7,1,4,3,4,8,2,3,2,5,2,3,5,2,9,6,4,6,4,8,4,6,11,9,10,13,9,19,18,16,24,16,22,20,23,16,13,9,9,13,4,7,6,12,4,9,7,6,4,9,4,1,2,3,4,2,0,0,0,2,0,0,2,0,0,1,2,0,0,0,0,0,0,0,0,0,0,0,0,0,0,0,0,0,0,0,0,0,0,0,0,0,0,0,0,0,0,0,0,0,0,0,0,0,0,0,0,0,0,0,0,0,0,0,0,0,0,0,0,0,0,0,0,0,0,0,0,0,0,0,0,0,0,0,0,0,0,0,0,0,0,0,0,0,0,0,0,0,0,0,0,0,0,0,0,0,0,0,0,0,0,0,0,0,0,0,0,0,0,0,0,0,0,0,0,0,0,0,0,0,0,0,0,0,0,0,0,0,0,0,0,0,0,0
1403,297.044,304.883,1402,143,274,393,218,116,77,65,25,37,22,23,19,15,13,9,14,9,8,6,8,6,4,5,11,5,9,7,7,4,3,11,7,3,7,5,1,8,4,6,9,5,9,7,10,7,11,11,11,11,13,22,19,24,25,17,25,25,35,33,31,26,29,29,27,32,37,23,22,14,25,18,13,9,6,4,5,3,1,2,2,0,0,0,0,0,0,0,0,0,0,0,0,0,0,0,0,0,0,0,0,0,0,0,0,0,0,0,0,0,0,0,0,0,0,0,0,0,0,0,0,0,0,0,0,0,0,0,0,0,0,0,0,0,0,0,0,0,0,0,0,0,0,0,0,0,0,0,0,0,0,0,0,0,0,0,0,0,0,0,0,0,0,0,0,0,0,0,0,0,0,0,0,0,0,0,0,0,0,0,0,0,0,0,0,0,0,0,0,0,0,0,0,0,0,0,0,0,0,0,0,0,0,0,0,0,0,0,0,0,0,0,0,0,0,0,0,0,0,0,0,0
1586,379.224,301.711,1655,42,244,371,406,181,90,35,45,31,28,16,16,19,11,13,15,7,7,9,6,8,6,6,2,8,1,3,5,2,4,2,3,2,1,7,0,4,2,5,0,2,2,2,4,3,3,5,4,2,2,2,7,3,5,10,11,6,6,3,10,7,4,16,9,14,10,12,11,17,20,7,22,16,25,15,20,27,21,37,37,22,21,23,17,16,26,15,8,6,6,12,4,4,5,1,2,1,1,0,0,0,0,0,1,0,0,0,0,0,0,0,0,1,0,0,0,0,0,0,0,0,0,0,0,0,0,0,0,0,0,0,0,0,0,0,0,0,0,0,0,0,0,0,0,0,0,0,0,0,0,0,0,0,0,0,0,0,0,0,0,0,0,0,0,0,0,0,0,0,0,0,0,0,0,0,0,0,0,0,0,0,0,0,0,0,0,0,0,0,0,0,0,0,0,0,0,0,0,0,0,0,0,0,0,0,0,0,0,0,0,0,0,0,0,0,0,0,0,0,0,0
1488,322.617,332.532,1491,502,475,560,129,54,25,25,15,16,9,6,9,5,7,5,2,4,7,3,6,4,3,1,4,4,2,5,5,2,4,0,5,3,3,2,5,1,3,2,0,8,7,1,9,3,3,3,3,6,4,9,8,2,11,14,8,4,5,10,7,14,14,12,17,14,18,15,16,12,13,9,13,11,18,12,5,8,10,4,1,1,3,0,1,2,1,0,0,0,0,0,0,0,0,0,0,0,0,0,0,0,0,0,0,0,0,0,0,0,0,0,0,0,0,0,0,0,0,0,1,0,1,0,0,0,0,0,0,0,1,0,0,0,0,0,0,0,0,0,0,0,0,0,0,0,0,0,0,0,0,0,0,0,0,0,0,0,0,0,0,0,0,0,0,0,0,0,0,0,0,0,0,0,0,0,0,0,0,0,0,0,0,0,0,0,0,0,0,0,0,0,0,0,0,0,0,0,0,0,0,0,0,0,0,0,0,0,0,0,0,0,0,0,0,0,0,0,0,0,0,0
1332,288.647,307.393,1325,156,500,571,346,72,27,27,18,13,15,5,9,8,6,4,5,5,3,9,5,6,3,1,3,9,5,4,7,1,4,3,4,8,2,3,2,5,2,3,5,2,9,6,4,6,4,8,4,6,11,9,10,13,9,19,18,16,24,16,22,20,23,16,13,9,9,13,4,7,6,12,4,9,7,6,4,9,4,1,2,3,4,2,0,0,0,2,0,0,2,0,0,1,2,0,0,0,0,0,0,0,0,0,0,0,0,0,0,0,0,0,0,0,0,0,0,0,0,0,0,0,0,0,0,0,0,0,0,0,0,0,0,0,0,0,0,0,0,0,0,0,0,0,0,0,0,0,0,0,0,0,0,0,0,0,0,0,0,0,0,0,0,0,0,0,0,0,0,0,0,0,0,0,0,0,0,0,0,0,0,0,0,0,0,0,0,0,0,0,0,0,0,0,0,0,0,0,0,0,0,0,0,0,0,0,0,0,0,0,0,0,0,0,0,0,0,0,0,0,0,0
1478,322.617,308.964,1491,502,475,560,129,54,25,25,15,16,9,6,9,5,7,5,2,4,7,3,6,4,3,1,4,4,2,5,5,2,4,0,5,3,3,2,5,1,3,2,0,8,7,1,9,3,3,3,3,6,4,9,8,2,11,14,8,4,5,10,7,14,14,12,17,14,18,15,16,12,13,9,13,11,18,12,5,8,10,4,1,1,3,0,1,2,1,0,0,0,0,0,0,0,0,0,0,0,0,0,0,0,0,0,0,0,0,0,0,0,0,0,0,0,0,0,0,0,0,0,1,0,1,0,0,0,0,0,0,0,1,0,0,0,0,0,0,0,0,0,0,0,0,0,0,0,0,0,0,0,0,0,0,0,0,0,0,0,0,0,0,0,0,0,0,0,0,0,0,0,0,0,0,0,0,0,0,0,0,0,0,0,0,0,0,0,0,0,0,0,0,0,0,0,0,0,0,0,0,0,0,0,0,0,0,0,0,0,0,0,0,0,0,0,0,0,0,0,0,0,0,0
1327,288.647,298.208,1325,156,500,571,346,72,27,27,18,13,15,5,9,8,6,4,5,5,3,9,5,6,3,1,3,9,5,4,7,1,4,3,4,8,2,3,2,5,2,3,5,2,9,6,4,6,4,8,4,6,11,9,10,13,9,19,18,16,24,16,22,20,23,16,13,9,9,13,4,7,6,12,4,9,7,6,4,9,4,1,2,3,4,2,0,0,0,2,0,0,2,0,0,1,2,0,0,0,0,0,0,0,0,0,0,0,0,0,0,0,0,0,0,0,0,0,0,0,0,0,0,0,0,0,0,0,0,0,0,0,0,0,0,0,0,0,0,0,0,0,0,0,0,0,0,0,0,0,0,0,0,0,0,0,0,0,0,0,0,0,0,0,0,0,0,0,0,0,0,0,0,0,0,0,0,0,0,0,0,0,0,0,0,0,0,0,0,0,0,0,0,0,0,0,0,0,0,0,0,0,0,0,0,0,0,0,0,0,0,0,0,0,0,0,0,0,0,0,0,0,0,0
1463,322.617,295.135,1491,502,475,560,129,54,25,25,15,16,9,6,9,5,7,5,2,4,7,3,6,4,3,1,4,4,2,5,5,2,4,0,5,3,3,2,5,1,3,2,0,8,7,1,9,3,3,3,3,6,4,9,8,2,11,14,8,4,5,10,7,14,14,12,17,14,18,15,16,12,13,9,13,11,18,12,5,8,10,4,1,1,3,0,1,2,1,0,0,0,0,0,0,0,0,0,0,0,0,0,0,0,0,0,0,0,0,0,0,0,0,0,0,0,0,0,0,0,0,0,1,0,1,0,0,0,0,0,0,0,1,0,0,0,0,0,0,0,0,0,0,0,0,0,0,0,0,0,0,0,0,0,0,0,0,0,0,0,0,0,0,0,0,0,0,0,0,0,0,0,0,0,0,0,0,0,0,0,0,0,0,0,0,0,0,0,0,0,0,0,0,0,0,0,0,0,0,0,0,0,0,0,0,0,0,0,0,0,0,0,0,0,0,0,0,0,0,0,0,0,0,0
1332,315.6,307.393,1339,185,540,709,361,103,38,27,22,21,9,17,13,2,11,2,3,3,5,11,7,8,5,1,5,1,0,3,2,5,6,6,2,3,3,4,4,2,3,4,3,6,5,5,6,5,6,7,4,6,6,12,10,9,6,9,10,16,13,21,16,26,17,30,35,33,30,24,21,20,12,12,15,16,14,10,7,12,9,7,10,3,5,6,4,7,4,3,2,0,0,0,1,1,1,0,0,0,1,2,0,0,0,1,0,0,0,0,1,0,0,0,0,0,0,0,0,0,0,0,0,0,0,0,0,0,0,0,0,0,0,0,0,0,0,0,0,0,0,0,0,0,0,0,0,0,0,0,0,0,0,0,0,0,0,0,0,0,0,0,0,0,0,0,0,0,0,0,0,0,0,0,0,0,0,0,0,0,0,0,0,0,0,0,0,0,0,0,0,0,0,0,0,0,0,0,0,0,0,0,0,0,0,0,0,0,0,0,0,0,0,0,0,0,0,0,0,0,0,0,0,0
1478,332.532,308.964,1488,493,582,698,157,73,37,29,19,19,19,13,9,7,8,6,7,1,7,6,1,2,4,5,4,4,1,0,2,1,1,3,1,1,2,1,2,2,1,1,1,3,1,4,3,4,2,3,2,4,2,5,11,7,14,11,11,17,12,14,16,31,21,29,18,24,15,25,21,29,29,25,22,14,8,17,8,8,9,3,3,0,1,1,0,1,0,0,0,0,0,0,0,0,0,0,0,0,0,0,0,0,0,0,0,1,0,0,0,0,0,0,0,0,0,0,0,0,0,0,0,0,0,0,0,0,0,0,0,0,0,0,0,0,0,0,0,0,0,0,0,0,0,0,0,0,0,0,0,0,0,0,0,0,0,0,0,0,0,0,0,0,0,0,0,0,0,0,0,0,0,0,0,0,0,0,0,0,0,0,0,0,0,0,0,0,0,0,0,0,0,0,0,0,0,0,0,0,0,0,0,0,0,0,0,0,0,0,0,0,0,0,0,0,0,0,0,0,0,0,0,0
1327,315.6,298.208,1339,185,540,709,361,103,38,27,22,21,9,17,13,2,11,2,3,3,5,11,7,8,5,1,5,1,0,3,2,5,6,6,2,3,3,4,4,2,3,4,3,6,5,5,6,5,6,7,4,6,6,12,10,9,6,9,10,16,13,21,16,26,17,30,35,33,30,24,21,20,12,12,15,16,14,10,7,12,9,7,10,3,5,6,4,7,4,3,2,0,0,0,1,1,1,0,0,0,1,2,0,0,0,1,0,0,0,0,1,0,0,0,0,0,0,0,0,0,0,0,0,0,0,0,0,0,0,0,0,0,0,0,0,0,0,0,0,0,0,0,0,0,0,0,0,0,0,0,0,0,0,0,0,0,0,0,0,0,0,0,0,0,0,0,0,0,0,0,0,0,0,0,0,0,0,0,0,0,0,0,0,0,0,0,0,0,0,0,0,0,0,0,0,0,0,0,0,0,0,0,0,0,0,0,0,0,0,0,0,0,0,0,0,0,0,0,0,0,0,0,0,0
1463,332.532,295.135,1488,493,582,698,157,73,37,29,19,19,19,13,9,7,8,6,7,1,7,6,1,2,4,5,4,4,1,0,2,1,1,3,1,1,2,1,2,2,1,1,1,3,1,4,3,4,2,3,2,4,2,5,11,7,14,11,11,17,12,14,16,31,21,29,18,24,15,25,21,29,29,25,22,14,8,17,8,8,9,3,3,0,1,1,0,1,0,0,0,0,0,0,0,0,0,0,0,0,0,0,0,0,0,0,0,1,0,0,0,0,0,0,0,0,0,0,0,0,0,0,0,0,0,0,0,0,0,0,0,0,0,0,0,0,0,0,0,0,0,0,0,0,0,0,0,0,0,0,0,0,0,0,0,0,0,0,0,0,0,0,0,0,0,0,0,0,0,0,0,0,0,0,0,0,0,0,0,0,0,0,0,0,0,0,0,0,0,0,0,0,0,0,0,0,0,0,0,0,0,0,0,0,0,0,0,0,0,0,0,0,0,0,0,0,0,0,0,0,0,0,0,0
1327,307.393,298.208,1332,181,615,802,449,95,62,42,28,21,16,20,7,13,11,3,5,8,4,6,5,1,4,4,6,3,0,3,2,4,2,4,6,6,1,4,6,3,7,2,3,2,2,3,4,3,6,9,6,6,8,13,11,18,10,13,14,18,19,20,25,27,34,31,33,34,28,25,23,17,11,12,11,17,5,15,10,9,13,4,4,4,4,0,1,2,0,1,2,0,1,0,0,0,1,0,1,0,0,1,0,0,0,0,0,0,0,0,0,0,0,0,0,0,0,0,0,0,0,0,1,0,0,0,0,0,0,0,0,0,0,0,0,0,0,0,0,0,0,0,0,0,0,0,0,0,0,0,0,1,0,0,0,0,0,0,0,0,0,0,0,0,0,0,0,0,0,0,0,0,0,0,0,0,0,0,0,0,0,0,0,0,0,0,0,0,0,0,0,0,0,0,0,0,0,0,0,0,0,0,0,0,0,0,0,0,0,0,0,0,0,0,0,0,0,0,0,0,0,0,0,0
1403,304.577,303.498,1403,173,398,580,296,181,99,81,36,33,26,30,24,19,9,10,10,11,7,7,3,7,3,2,0,1,4,3,3,2,4,4,5,4,3,5,6,7,8,9,4,5,5,3,11,7,3,10,11,14,17,12,15,14,23,21,41,34,46,49,53,53,50,43,50,52,51,39,43,32,28,25,26,14,9,9,7,7,2,0,2,1,0,0,1,0,0,0,0,0,1,0,0,0,0,0,0,0,0,0,0,0,1,0,0,0,0,0,0,0,0,0,0,0,0,0,0,0,0,0,0,0,0,0,0,0,0,0,0,0,0,0,0,0,0,0,0,0,0,0,0,0,0,0,0,0,0,0,0,0,0,0,0,0,0,0,0,0,0,0,0,0,0,0,0,0,0,0,0,0,0,0,0,0,0,0,0,0,0,0,0,0,0,0,0,0,0,0,0,0,0,0,0,0,0,0,0,0,0,0,0,0,0,0,0,0,0,0,0,0,0,0,0,0,0,0,0,0,0,0,0,0
1586,300.038,303.05,1586,46,315,498,634,244,121,72,47,35,35,26,18,18,7,11,9,5,8,5,2,3,7,4,2,6,3,3,2,3,2,5,3,5,6,5,2,5,1,3,11,5,4,7,8,9,4,9,10,12,19,13,18,21,28,23,22,29,40,47,40,46,53,45,44,45,36,35,29,27,18,21,17,13,7,4,3,2,2,0,1,0,2,0,0,0,1,0,0,0,0,0,0,0,0,0,0,0,1,0,0,0,0,0,0,0,0,0,0,0,0,0,0,0,0,0,0,0,0,0,0,0,0,0,0,0,0,0,0,0,0,0,0,0,0,0,0,0,0,0,0,0,0,0,0,0,0,0,0,0,0,0,0,0,0,0,0,0,0,0,0,0,0,0,0,0,0,0,0,0,0,0,0,0,0,0,0,0,0,0,0,0,0,0,0,0,0,0,0,0,0,0,0,0,0,0,0,0,0,0,0,0,0,0,0,0,0,0,0,0,0,0,0,0,0,0,0,0,0,0,0,0
1463,308.964,295.135,1478,566,578,779,211,77,42,45,20,21,11,16,3,10,9,7,6,4,8,5,2,6,5,2,0,3,8,6,4,4,0,2,3,2,2,2,3,1,2,4,0,3,0,2,4,1,3,3,5,9,4,8,11,12,15,15,15,24,19,25,28,30,30,34,23,26,16,30,24,30,21,24,16,18,15,4,6,9,5,2,4,1,0,0,0,0,1,0,0,0,0,0,0,0,0,0,0,0,0,0,0,0,0,0,0,0,0,0,0,0,0,0,0,0,0,0,0,0,0,0,0,0,0,1,0,0,0,1,0,0,0,1,0,0,0,0,0,0,0,0,0,0,0,0,0,0,0,0,0,0,0,0,0,0,0,0,0,0,0,0,0,0,0,0,0,0,0,0,0,0,0,0,0,0,0,0,0,0,0,0,0,0,0,0,0,0,0,0,0,0,0,0,0,0,0,0,0,0,0,0,0,0,0,0,0,0,0,0,0,0,0,0,0,0,0,0,0,0,0,0,0,0
1327,298.208,298.208,1327,138,501,661,376,66,41,26,24,12,10,8,7,5,7,4,3,5,3,4,4,3,3,4,0,1,2,2,1,2,4,0,3,4,3,8,6,3,2,4,3,5,3,1,3,3,3,3,5,9,9,10,9,14,20,16,15,20,25,23,31,32,29,19,27,23,17,15,13,10,13,9,8,8,10,7,6,15,8,5,7,5,2,1,2,1,0,0,1,0,0,0,0,0,0,0,0,1,0,0,1,0,0,0,0,0,0,0,0,0,0,0,0,0,0,0,0,0,0,0,0,0,0,0,0,0,0,0,0,0,0,0,0,0,0,0,0,0,0,0,0,0,0,0,0,0,0,0,0,0,0,0,0,0,0,0,0,0,0,0,0,0,0,0,0,0,0,0,0,0,0,0,0,0,0,0,0,0,0,0,0,0,0,0,0,0,0,0,0,0,0,0,0,0,0,0,0,0,0,0,0,0,0,0,0,0,0,0,0,0,0,0,0,0,0,0,0,0,0,0,0,0
1403,303.498,303.498,1403,133,298,471,276,153,93,51,47,23,24,26,21,12,16,7,7,2,4,2,3,3,2,5,3,5,3,1,2,4,1,2,6,1,3,2,3,4,0,5,8,1,4,3,6,9,4,5,6,8,10,10,15,14,17,33,23,28,35,26,38,41,57,51,37,49,29,35,31,27,16,24,21,12,5,7,4,3,5,1,1,0,1,0,0,0,0,0,0,0,0,0,1,0,0,0,0,0,0,0,0,0,0,0,0,0,0,0,0,0,0,0,0,0,0,0,0,0,0,0,0,0,0,0,0,0,0,0,0,0,0,0,0,0,0,0,0,0,0,0,0,0,0,0,0,0,0,0,0,0,0,0,0,0,0,0,0,0,0,0,0,0,0,0,0,0,0,0,0,0,0,0,0,0,0,0,0,0,0,0,0,0,0,0,0,0,0,0,0,0,0,0,0,0,0,0,0,0,0,0,0,0,0,0,0,0,0,0,0,0,0,0,0,0,0,0,0,0,0,0,0,0
1586,303.05,303.05,1586,37,245,419,489,214,97,48,40,35,20,21,12,13,6,10,7,6,3,5,1,4,6,3,6,2,5,2,2,3,5,2,2,1,3,3,2,2,3,1,5,9,5,5,4,5,5,8,12,11,9,14,8,8,15,20,25,27,35,42,29,50,41,40,41,29,25,35,35,26,23,14,14,7,4,5,5,2,0,2,0,0,0,0,0,0,0,0,0,0,0,0,0,0,0,0,0,0,0,0,0,0,0,0,0,0,0,0,0,0,0,0,0,0,0,0,0,0,0,0,0,0,1,0,0,0,0,0,0,0,0,0,0,0,0,0,0,0,0,0,0,0,0,0,0,0,0,0,0,0,0,0,0,0,0,0,0,0,0,0,0,0,0,0,0,0,0,0,0,0,0,0,0,0,0,0,0,0,0,0,0,0,0,0,0,0,0,0,0,0,0,0,0,0,0,0,0,0,0,0,0,0,0,0,0,0,0,0,0,0,0,0,0,0,0,0,0,0,0,0,0,0
1463,295.135,295.135,1463,472,516,653,143,70,39,29,14,17,9,9,12,8,5,4,4,3,5,2,4,2,2,2,1,3,4,6,2,4,3,0,3,1,4,4,3,1,1,1,3,3,1,0,2,3,6,4,3,3,9,5,12,11,16,21,25,23,21,28,22,15,24,23,17,23,24,8,17,11,14,6,6,5,2,1,1,1,0,1,0,0,0,0,0,0,0,0,0,0,0,0,0,0,0,0,0,0,0,0,0,0,0,0,0,0,0,0,0,0,0,0,0,0,0,0,0,0,0,0,0,0,0,0,0,0,0,0,0,0,0,0,0,0,0,0,0,0,0,0,0,0,0,0,0,0,0,0,0,0,0,0,0,0,0,0,0,0,0,0,0,0,0,0,0,0,0,0,0,0,0,0,0,0,0,0,0,0,0,0,0,0,0,0,0,0,0,0,0,0,0,0,0,0,0,0,0,0,0,0,0,0,0,0,0,0,0,0,0,0,0,0,0,0,0,0,0,0,0,0,0,0
1389,567.729,361.026,1500,59,254,391,420,178,64,29,28,23,15,15,15,8,5,3,11,7,6,8,5,8,2,4,9,6,3,2,2,1,4,1,3,0,2,2,2,3,0,2,3,2,1,1,2,2,0,1,1,2,0,1,2,2,0,1,0,2,0,4,0,3,1,1,4,0,4,1,2,4,1,0,1,1,1,1,1,6,3,0,2,2,0,3,0,0,7,4,3,4,3,3,1,1,2,5,2,0,3,7,7,9,3,6,3,9,5,12,5,7,9,11,11,1,9,7,9,10,13,9,8,5,2,6,6,6,4,6,7,2,11,4,2,5,2,5,4,1,3,2,3,1,2,0,2,3,0,1,1,1,3,2,3,1,1,0,0,1,2,0,0,1,0,1,0,0,0,0,0,0,0,0,0,0,0,0,0,0,0,0,0,0,0,0,0,0,0,0,0,0,0,0,0,0,0,0,0,0,0,0,0,0,0,0,0,0,0,0,0,0,0,0,0,0,0,0,0,0,0,0,0,0
1353,579.845,309.951,1400,78,164,227,225,123,88,56,44,39,29,21,30,12,20,15,15,11,8,13,4,11,5,7,7,7,7,4,8,3,2,2,1,1,4,10,2,2,3,1,2,3,2,3,2,3,3,1,3,1,3,4,3,6,0,2,2,0,3,7,3,4,3,2,2,6,4,5,3,2,3,3,5,3,3,5,3,6,1,6,5,6,6,4,2,4,8,1,4,6,5,6,5,7,4,6,7,9,7,5,11,7,14,11,2,15,6,13,11,10,6,16,15,6,17,11,9,11,10,5,13,12,11,19,9,8,12,11,7,14,11,10,6,8,4,17,5,9,7,7,9,7,3,7,4,1,4,1,0,2,0,1,0,0,1,1,0,0,0,0,0,0,0,0,0,0,0,0,0,0,0,0,0,0,0,0,0,0,0,0,0,0,0,1,0,0,0,0,0,0,0,0,0,0,0,0,0,0,0,0,0,0,0,0,0,0,0,0,0,0,0,0,0,0,0,0,0,0,0,0,0,0
1335,510.142,265.085,1500,28,162,233,333,209,120,54,45,43,19,20,18,10,16,13,7,10,9,4,11,3,6,10,3,7,7,7,5,1,5,2,3,2,3,2,2,3,3,3,2,4,1,1,0,3,3,0,1,4,0,1,0,1,1,5,1,1,2,1,3,0,1,1,4,2,3,3,7,4,4,2,5,3,1,4,3,7,3,2,4,5,7,6,5,4,6,6,7,6,5,11,6,4,11,12,15,10,16,12,14,19,22,14,9,19,20,20,11,21,14,16,9,9,11,6,14,10,8,6,3,4,2,1,5,2,1,3,0,1,1,1,0,0,0,0,0,0,0,0,0,0,0,0,0,0,0,0,0,0,0,0,0,0,0,0,0,0,0,0,0,0,0,0,0,0,0,0,0,0,0,0,0,0,0,0,0,0,0,0,0,0,0,0,0,0,0,0,0,0,0,0,0,0,0,0,0,0,0,0,0,0,0,0,0,0,0,0,0,0,0,0,0,0,0,0,0,0,0,0,0,0
1488,519.219,350.27,1600,213,392,537,221,59,33,29,17,15,13,7,8,7,6,8,7,3,4,5,8,6,1,0,4,3,4,5,2,5,3,2,1,1,1,3,3,0,3,1,2,2,0,3,4,2,1,2,1,0,1,1,3,0,4,0,2,0,2,1,1,2,2,1,0,3,2,1,1,3,0,3,1,4,4,1,1,1,1,2,2,3,4,6,3,4,4,3,7,2,4,5,4,7,8,4,7,3,6,9,5,9,6,10,9,8,10,12,9,11,9,6,9,13,6,9,7,4,9,5,2,1,3,4,4,2,2,2,1,0,1,0,0,0,1,0,0,0,0,0,0,0,0,0,0,0,0,0,0,0,0,0,0,0,0,0,0,0,0,0,0,0,0,0,0,0,0,0,0,0,0,0,0,0,0,0,0,0,0,0,0,0,0,0,0,0,0,0,0,0,0,0,0,0,0,0,0,0,0,0,0,0,0,0,0,0,0,0,0,0,0,0,0,0,0,0,0,0,0,0,0,0
1375,567.729,338.632,1500,59,254,391,420,178,64,29,28,23,15,15,15,8,5,3,11,7,6,8,5,8,2,4,9,6,3,2,2,1,4,1,3,0,2,2,2,3,0,2,3,2,1,1,2,2,0,1,1,2,0,1,2,2,0,1,0,2,0,4,0,3,1,1,4,0,4,1,2,4,1,0,1,1,1,1,1,6,3,0,2,2,0,3,0,0,7,4,3,4,3,3,1,1,2,5,2,0,3,7,7,9,3,6,3,9,5,12,5,7,9,11,11,1,9,7,9,10,13,9,8,5,2,6,6,6,4,6,7,2,11,4,2,5,2,5,4,1,3,2,3,1,2,0,2,3,0,1,1,1,3,2,3,1,1,0,0,1,2,0,0,1,0,1,0,0,0,0,0,0,0,0,0,0,0,0,0,0,0,0,0,0,0,0,0,0,0,0,0,0,0,0,0,0,0,0,0,0,0,0,0,0,0,0,0,0,0,0,0,0,0,0,0,0,0,0,0,0,0,0,0,0
1252,579.845,304.346,1400,78,164,227,225,123,88,56,44,39,29,21,30,12,20,15,15,11,8,13,4,11,5,7,7,7,7,4,8,3,2,2,1,1,4,10,2,2,3,1,2,3,2,3,2,3,3,1,3,1,3,4,3,6,0,2,2,0,3,7,3,4,3,2,2,6,4,5,3,2,3,3,5,3,3,5,3,6,1,6,5,6,6,4,2,4,8,1,4,6,5,6,5,7,4,6,7,9,7,5,11,7,14,11,2,15,6,13,11,10,6,16,15,6,17,11,9,11,10,5,13,12,11,19,9,8,12,11,7,14,11,10,6,8,4,17,5,9,7,7,9,7,3,7,4,1,4,1,0,2,0,1,0,0,1,1,0,0,0,0,0,0,0,0,0,0,0,0,0,0,0,0,0,0,0,0,0,0,0,0,0,0,0,1,0,0,0,0,0,0,0,0,0,0,0,0,0,0,0,0,0,0,0,0,0,0,0,0,0,0,0,0,0,0,0,0,0,0,0,0,0,0
1363,510.142,297.483,1500,28,162,233,333,209,120,54,45,43,19,20,18,10,16,13,7,10,9,4,11,3,6,10,3,7,7,7,5,1,5,2,3,2,3,2,2,3,3,3,2,4,1,1,0,3,3,0,1,4,0,1,0,1,1,5,1,1,2,1,3,0,1,1,4,2,3,3,7,4,4,2,5,3,1,4,3,7,3,2,4,5,7,6,5,4,6,6,7,6,5,11,6,4,11,12,15,10,16,12,14,19,22,14,9,19,20,20,11,21,14,16,9,9,11,6,14,10,8,6,3,4,2,1,5,2,1,3,0,1,1,1,0,0,0,0,0,0,0,0,0,0,0,0,0,0,0,0,0,0,0,0,0,0,0,0,0,0,0,0,0,0,0,0,0,0,0,0,0,0,0,0,0,0,0,0,0,0,0,0,0,0,0,0,0,0,0,0,0,0,0,0,0,0,0,0,0,0,0,0,0,0,0,0,0,0,0,0,0,0,0,0,0,0,0,0,0,0,0,0,0,0
1491,519.219,346.704,1600,213,392,537,221,59,33,29,17,15,13,7,8,7,6,8,7,3,4,5,8,6,1,0,4,3,4,5,2,5,3,2,1,1,1,3,3,0,3,1,2,2,0,3,4,2,1,2,1,0,1,1,3,0,4,0,2,0,2,1,1,2,2,1,0,3,2,1,1,3,0,3,1,4,4,1,1,1,1,2,2,3,4,6,3,4,4,3,7,2,4,5,4,7,8,4,7,3,6,9,5,9,6,10,9,8,10,12,9,11,9,6,9,13,6,9,7,4,9,5,2,1,3,4,4,2,2,2,1,0,1,0,0,0,1,0,0,0,0,0,0,0,0,0,0,0,0,0,0,0,0,0,0,0,0,0,0,0,0,0,0,0,0,0,0,0,0,0,0,0,0,0,0,0,0,0,0,0,0,0,0,0,0,0,0,0,0,0,0,0,0,0,0,0,0,0,0,0,0,0,0,0,0,0,0,0,0,0,0,0,0,0,0,0,0,0,0,0,0,0,0,0
1325,567.729,268.293,1500,59,254,391,420,178,64,29,28,23,15,15,15,8,5,3,11,7,6,8,5,8,2,4,9,6,3,2,2,1,4,1,3,0,2,2,2,3,0,2,3,2,1,1,2,2,0,1,1,2,0,1,2,2,0,1,0,2,0,4,0,3,1,1,4,0,4,1,2,4,1,0,1,1,1,1,1,6,3,0,2,2,0,3,0,0,7,4,3,4,3,3,1,1,2,5,2,0,3,7,7,9,3,6,3,9,5,12,5,7,9,11,11,1,9,7,9,10,13,9,8,5,2,6,6,6,4,6,7,2,11,4,2,5,2,5,4,1,3,2,3,1,2,0,2,3,0,1,1,1,3,2,3,1,1,0,0,1,2,0,0,1,0,1,0,0,0,0,0,0,0,0,0,0,0,0,0,0,0,0,0,0,0,0,0,0,0,0,0,0,0,0,0,0,0,0,0,0,0,0,0,0,0,0,0,0,0,0,0,0,0,0,0,0,0,0,0,0,0,0,0,0
1252,579.845,302.304,1400,78,164,227,225,123,88,56,44,39,29,21,30,12,20,15,15,11,8,13,4,11,5,7,7,7,7,4,8,3,2,2,1,1,4,10,2,2,3,1,2,3,2,3,2,3,3,1,3,1,3,4,3,6,0,2,2,0,3,7,3,4,3,2,2,6,4,5,3,2,3,3,5,3,3,5,3,6,1,6,5,6,6,4,2,4,8,1,4,6,5,6,5,7,4,6,7,9,7,5,11,7,14,11,2,15,6,13,11,10,6,16,15,6,17,11,9,11,10,5,13,12,11,19,9,8,12,11,7,14,11,10,6,8,4,17,5,9,7,7,9,7,3,7,4,1,4,1,0,2,0,1,0,0,1,1,0,0,0,0,0,0,0,0,0,0,0,0,0,0,0,0,0,0,0,0,0,0,0,0,0,0,0,1,0,0,0,0,0,0,0,0,0,0,0,0,0,0,0,0,0,0,0,0,0,0,0,0,0,0,0,0,0,0,0,0,0,0,0,0,0,0
1363,510.142,302.478,1500,28,162,233,333,209,120,54,45,43,19,20,18,10,16,13,7,10,9,4,11,3,6,10,3,7,7,7,5,1,5,2,3,2,3,2,2,3,3,3,2,4,1,1,0,3,3,0,1,4,0,1,0,1,1,5,1,1,2,1,3,0,1,1,4,2,3,3,7,4,4,2,5,3,1,4,3,7,3,2,4,5,7,6,5,4,6,6,7,6,5,11,6,4,11,12,15,10,16,12,14,19,22,14,9,19,20,20,11,21,14,16,9,9,11,6,14,10,8,6,3,4,2,1,5,2,1,3,0,1,1,1,0,0,0,0,0,0,0,0,0,0,0,0,0,0,0,0,0,0,0,0,0,0,0,0,0,0,0,0,0,0,0,0,0,0,0,0,0,0,0,0,0,0,0,0,0,0,0,0,0,0,0,0,0,0,0,0,0,0,0,0,0,0,0,0,0,0,0,0,0,0,0,0,0,0,0,0,0,0,0,0,0,0,0,0,0,0,0,0,0,0
1441,519.219,291.133,1600,213,392,537,221,59,33,29,17,15,13,7,8,7,6,8,7,3,4,5,8,6,1,0,4,3,4,5,2,5,3,2,1,1,1,3,3,0,3,1,2,2,0,3,4,2,1,2,1,0,1,1,3,0,4,0,2,0,2,1,1,2,2,1,0,3,2,1,1,3,0,3,1,4,4,1,1,1,1,2,2,3,4,6,3,4,4,3,7,2,4,5,4,7,8,4,7,3,6,9,5,9,6,10,9,8,10,12,9,11,9,6,9,13,6,9,7,4,9,5,2,1,3,4,4,2,2,2,1,0,1,0,0,0,1,0,0,0,0,0,0,0,0,0,0,0,0,0,0,0,0,0,0,0,0,0,0,0,0,0,0,0,0,0,0,0,0,0,0,0,0,0,0,0,0,0,0,0,0,0,0,0,0,0,0,0,0,0,0,0,0,0,0,0,0,0,0,0,0,0,0,0,0,0,0,0,0,0,0,0,0,0,0,0,0,0,0,0,0,0,0,0
1350,567.729,305.961,1500,59,254,391,420,178,64,29,28,23,15,15,15,8,5,3,11,7,6,8,5,8,2,4,9,6,3,2,2,1,4,1,3,0,2,2,2,3,0,2,3,2,1,1,2,2,0,1,1,2,0,1,2,2,0,1,0,2,0,4,0,3,1,1,4,0,4,1,2,4,1,0,1,1,1,1,1,6,3,0,2,2,0,3,0,0,7,4,3,4,3,3,1,1,2,5,2,0,3,7,7,9,3,6,3,9,5,12,5,7,9,11,11,1,9,7,9,10,13,9,8,5,2,6,6,6,4,6,7,2,11,4,2,5,2,5,4,1,3,2,3,1,2,0,2,3,0,1,1,1,3,2,3,1,1,0,0,1,2,0,0,1,0,1,0,0,0,0,0,0,0,0,0,0,0,0,0,0,0,0,0,0,0,0,0,0,0,0,0,0,0,0,0,0,0,0,0,0,0,0,0,0,0,0,0,0,0,0,0,0,0,0,0,0,0,0,0,0,0,0,0,0
1252,579.845,310.26,1400,78,164,227,225,123,88,56,44,39,29,21,30,12,20,15,15,11,8,13,4,11,5,7,7,7,7,4,8,3,2,2,1,1,4,10,2,2,3,1,2,3,2,3,2,3,3,1,3,1,3,4,3,6,0,2,2,0,3,7,3,4,3,2,2,6,4,5,3,2,3,3,5,3,3,5,3,6,1,6,5,6,6,4,2,4,8,1,4,6,5,6,5,7,4,6,7,9,7,5,11,7,14,11,2,15,6,13,11,10,6,16,15,6,17,11,9,11,10,5,13,12,11,19,9,8,12,11,7,14,11,10,6,8,4,17,5,9,7,7,9,7,3,7,4,1,4,1,0,2,0,1,0,0,1,1,0,0,0,0,0,0,0,0,0,0,0,0,0,0,0,0,0,0,0,0,0,0,0,0,0,0,0,1,0,0,0,0,0,0,0,0,0,0,0,0,0,0,0,0,0,0,0,0,0,0,0,0,0,0,0,0,0,0,0,0,0,0,0,0,0,0
1363,510.142,302.312,1500,28,162,233,333,209,120,54,45,43,19,20,18,10,16,13,7,10,9,4,11,3,6,10,3,7,7,7,5,1,5,2,3,2,3,2,2,3,3,3,2,4,1,1,0,3,3,0,1,4,0,1,0,1,1,5,1,1,2,1,3,0,1,1,4,2,3,3,7,4,4,2,5,3,1,4,3,7,3,2,4,5,7,6,5,4,6,6,7,6,5,11,6,4,11,12,15,10,16,12,14,19,22,14,9,19,20,20,11,21,14,16,9,9,11,6,14,10,8,6,3,4,2,1,5,2,1,3,0,1,1,1,0,0,0,0,0,0,0,0,0,0,0,0,0,0,0,0,0,0,0,0,0,0,0,0,0,0,0,0,0,0,0,0,0,0,0,0,0,0,0,0,0,0,0,0,0,0,0,0,0,0,0,0,0,0,0,0,0,0,0,0,0,0,0,0,0,0,0,0,0,0,0,0,0,0,0,0,0,0,0,0,0,0,0,0,0,0,0,0,0,0
1451,519.219,306.838,1600,213,392,537,221,59,33,29,17,15,13,7,8,7,6,8,7,3,4,5,8,6,1,0,4,3,4,5,2,5,3,2,1,1,1,3,3,0,3,1,2,2,0,3,4,2,1,2,1,0,1,1,3,0,4,0,2,0,2,1,1,2,2,1,0,3,2,1,1,3,0,3,1,4,4,1,1,1,1,2,2,3,4,6,3,4,4,3,7,2,4,5,4,7,8,4,7,3,6,9,5,9,6,10,9,8,10,12,9,11,9,6,9,13,6,9,7,4,9,5,2,1,3,4,4,2,2,2,1,0,1,0,0,0,1,0,0,0,0,0,0,0,0,0,0,0,0,0,0,0,0,0,0,0,0,0,0,0,0,0,0,0,0,0,0,0,0,0,0,0,0,0,0,0,0,0,0,0,0,0,0,0,0,0,0,0,0,0,0,0,0,0,0,0,0,0,0,0,0,0,0,0,0,0,0,0,0,0,0,0,0,0,0,0,0,0,0,0,0,0,0,0
1375,361.026,338.632,1389,107,473,583,620,173,60,46,27,20,14,13,19,16,7,7,9,6,10,2,3,8,6,6,4,5,4,3,8,6,2,3,3,5,7,0,2,8,1,3,6,3,0,4,1,3,5,1,3,6,4,5,5,5,5,2,6,3,7,7,10,11,13,4,7,12,13,18,20,16,18,16,25,22,19,19,15,24,18,15,16,16,14,13,5,9,5,7,10,10,5,12,6,7,5,2,7,4,2,3,2,4,1,2,0,0,1,0,0,0,0,0,1,2,0,0,0,0,0,0,0,0,0,0,0,0,0,0,0,0,0,0,0,0,0,0,0,0,0,0,0,0,0,0,0,0,0,0,0,0,0,0,0,0,0,0,0,0,0,0,0,0,0,0,0,0,0,0,0,0,0,0,0,0,0,0,0,0,0,0,0,0,0,0,0,0,0,0,0,0,0,0,0,0,0,0,0,0,0,0,0,0,0,0,0,0,0,0,0,0,0,0,0,0,0,0,0,0,0,0,0,0
1252,309.951,304.346,1353,157,305,401,410,172,103,74,38,27,31,27,24,14,24,12,7,6,9,8,8,8,5,6,3,15,3,6,0,4,13,5,4,4,7,6,6,10,6,12,6,16,9,14,14,11,13,13,10,17,26,35,17,9,27,29,17,20,29,34,21,39,41,29,37,34,36,36,26,30,34,38,27,23,20,11,11,8,5,7,1,2,2,0,0,1,0,0,0,0,0,0,0,0,0,0,0,0,0,0,0,0,0,0,0,0,0,0,0,0,1,0,0,0,0,0,0,0,0,0,0,0,0,0,0,0,0,0,0,0,0,0,0,0,0,0,0,0,0,0,0,0,0,0,0,0,0,0,0,0,0,0,0,0,0,0,0,0,0,0,0,0,0,0,0,0,0,0,0,0,0,0,0,0,0,0,0,0,0,0,0,0,0,0,0,0,0,0,0,0,0,0,0,0,0,0,0,0,0,0,0,0,0,0,0,0,0,0,0,0,0,0,0,0,0,0,0,0,0,0,0,0
1363,265.085,297.483,1335,65,349,435,606,275,102,60,34,31,30,19,18,17,12,3,7,10,5,10,7,9,7,3,5,9,7,2,5,0,5,11,5,7,2,4,5,4,4,10,6,6,8,8,10,12,18,15,18,33,38,29,35,47,44,58,46,32,39,35,33,29,24,19,11,4,5,0,4,1,0,0,0,0,0,0,0,0,0,0,0,0,0,0,0,0,0,0,0,0,0,0,0,0,0,0,0,0,0,0,0,0,0,0,0,0,0,0,0,0,0,0,0,0,0,0,0,0,0,0,0,0,0,0,0,0,0,0,0,0,0,0,0,0,0,0,0,0,0,0,0,0,0,0,0,0,0,0,0,0,0,0,0,0,0,0,0,0,0,0,0,0,0,0,0,0,0,0,0,0,0,0,0,0,0,0,0,0,0,0,0,0,0,0,0,0,0,0,0,0,0,0,0,0,0,0,0,0,0,0,0,0,0,0,0,0,0,0,0,0,0,0,0,0,0,0,0,0,0,0,0,0
1491,350.27,346.704,1488,389,641,814,209,66,37,31,16,10,15,10,7,5,11,7,6,7,3,5,6,5,4,3,4,0,4,2,2,3,3,5,4,6,3,6,2,4,2,3,2,2,2,4,6,2,3,4,3,0,2,2,3,2,3,6,7,11,6,12,6,10,13,13,6,14,19,13,25,22,29,29,19,28,25,28,16,18,19,16,14,9,10,3,6,3,4,0,2,2,0,1,0,0,1,0,0,0,0,0,0,0,0,0,0,0,0,0,0,0,0,0,0,0,0,0,0,0,0,0,0,0,0,0,0,0,1,0,0,0,0,0,0,0,0,0,0,0,0,0,0,0,0,0,0,0,0,0,0,0,0,0,0,0,0,0,0,0,0,0,0,0,0,0,0,0,0,0,0,0,0,0,0,0,0,0,0,0,0,0,0,0,0,0,0,0,0,0,0,0,0,0,0,0,0,0,0,0,0,0,0,0,0,0,0,0,0,0,0,0,0,0,0,0,0,0,0,0,0,0,0,0
1325,361.026,268.293,1389,107,473,583,620,173,60,46,27,20,14,13,19,16,7,7,9,6,10,2,3,8,6,6,4,5,4,3,8,6,2,3,3,5,7,0,2,8,1,3,6,3,0,4,1,3,5,1,3,6,4,5,5,5,5,2,6,3,7,7,10,11,13,4,7,12,13,18,20,16,18,16,25,22,19,19,15,24,18,15,16,16,14,13,5,9,5,7,10,10,5,12,6,7,5,2,7,4,2,3,2,4,1,2,0,0,1,0,0,0,0,0,1,2,0,0,0,0,0,0,0,0,0,0,0,0,0,0,0,0,0,0,0,0,0,0,0,0,0,0,0,0,0,0,0,0,0,0,0,0,0,0,0,0,0,0,0,0,0,0,0,0,0,0,0,0,0,0,0,0,0,0,0,0,0,0,0,0,0,0,0,0,0,0,0,0,0,0,0,0,0,0,0,0,0,0,0,0,0,0,0,0,0,0,0,0,0,0,0,0,0,0,0,0,0,0,0,0,0,0,0,0
1441,350.27,291.133,1488,389,641,814,209,66,37,31,16,10,15,10,7,5,11,7,6,7,3,5,6,5,4,3,4,0,4,2,2,3,3,5,4,6,3,6,2,4,2,3,2,2,2,4,6,2,3,4,3,0,2,2,3,2,3,6,7,11,6,12,6,10,13,13,6,14,19,13,25,22,29,29,19,28,25,28,16,18,19,16,14,9,10,3,6,3,4,0,2,2,0,1,0,0,1,0,0,0,0,0,0,0,0,0,0,0,0,0,0,0,0,0,0,0,0,0,0,0,0,0,0,0,0,0,0,0,1,0,0,0,0,0,0,0,0,0,0,0,0,0,0,0,0,0,0,0,0,0,0,0,0,0,0,0,0,0,0,0,0,0,0,0,0,0,0,0,0,0,0,0,0,0,0,0,0,0,0,0,0,0,0,0,0,0,0,0,0,0,0,0,0,0,0,0,0,0,0,0,0,0,0,0,0,0,0,0,0,0,0,0,0,0,0,0,0,0,0,0,0,0,0,0
1350,361.026,305.961,1389,107,473,583,620,173,60,46,27,20,14,13,19,16,7,7,9,6,10,2,3,8,6,6,4,5,4,3,8,6,2,3,3,5,7,0,2,8,1,3,6,3,0,4,1,3,5,1,3,6,4,5,5,5,5,2,6,3,7,7,10,11,13,4,7,12,13,18,20,16,18,16,25,22,19,19,15,24,18,15,16,16,14,13,5,9,5,7,10,10,5,12,6,7,5,2,7,4,2,3,2,4,1,2,0,0,1,0,0,0,0,0,1,2,0,0,0,0,0,0,0,0,0,0,0,0,0,0,0,0,0,0,0,0,0,0,0,0,0,0,0,0,0,0,0,0,0,0,0,0,0,0,0,0,0,0,0,0,0,0,0,0,0,0,0,0,0,0,0,0,0,0,0,0,0,0,0,0,0,0,0,0,0,0,0,0,0,0,0,0,0,0,0,0,0,0,0,0,0,0,0,0,0,0,0,0,0,0,0,0,0,0,0,0,0,0,0,0,0,0,0,0
1451,350.27,306.838,1488,389,641,814,209,66,37,31,16,10,15,10,7,5,11,7,6,7,3,5,6,5,4,3,4,0,4,2,2,3,3,5,4,6,3,6,2,4,2,3,2,2,2,4,6,2,3,4,3,0,2,2,3,2,3,6,7,11,6,12,6,10,13,13,6,14,19,13,25,22,29,29,19,28,25,28,16,18,19,16,14,9,10,3,6,3,4,0,2,2,0,1,0,0,1,0,0,0,0,0,0,0,0,0,0,0,0,0,0,0,0,0,0,0,0,0,0,0,0,0,0,0,0,0,0,0,1,0,0,0,0,0,0,0,0,0,0,0,0,0,0,0,0,0,0,0,0,0,0,0,0,0,0,0,0,0,0,0,0,0,0,0,0,0,0,0,0,0,0,0,0,0,0,0,0,0,0,0,0,0,0,0,0,0,0,0,0,0,0,0,0,0,0,0,0,0,0,0,0,0,0,0,0,0,0,0,0,0,0,0,0,0,0,0,0,0,0,0,0,0,0,0
1325,338.632,268.293,1375,66,342,451,555,158,61,33,25,19,7,14,11,3,7,6,4,1,8,5,5,6,0,0,6,5,2,3,2,3,1,3,0,2,2,0,0,1,3,2,2,1,3,4,1,2,2,3,1,1,6,8,6,8,10,5,6,7,8,9,7,12,8,17,9,12,18,22,14,16,20,18,19,14,10,13,8,7,11,9,8,8,8,6,12,7,7,9,7,9,2,4,8,4,3,3,1,3,1,2,1,0,0,0,0,1,0,0,0,0,0,0,1,0,0,0,0,0,0,0,0,0,0,0,0,0,0,0,0,0,0,0,0,0,0,0,0,0,0,0,0,0,0,0,0,0,0,0,0,0,0,0,0,0,0,0,0,0,0,0,0,0,0,0,0,0,0,0,0,0,0,0,0,0,0,0,0,0,0,0,0,0,0,0,0,0,0,0,0,0,0,0,0,0,0,0,0,0,0,0,0,0,0,0,0,0,0,0,0,0,0,0,0,0,0,0,0,0,0,0,0,0
1441,346.704,291.133,1491,291,511,672,167,55,35,19,20,15,10,12,6,10,10,5,5,7,6,1,2,2,4,2,4,1,2,5,3,6,1,1,3,2,2,4,1,2,0,0,2,1,1,4,2,2,2,3,2,4,2,5,3,4,6,6,4,4,2,7,6,10,8,14,18,12,10,14,16,15,13,20,18,27,14,19,9,14,9,8,8,12,10,9,2,5,0,1,0,0,2,0,0,0,0,0,0,1,0,0,0,0,0,0,0,0,0,0,0,0,0,0,0,0,0,0,0,0,0,0,0,0,0,0,0,0,0,0,0,0,0,0,0,0,0,0,0,0,0,0,0,0,0,0,0,0,0,0,0,0,0,0,0,0,0,0,0,0,0,0,0,0,0,0,0,0,0,0,0,0,0,0,0,0,0,0,0,0,0,0,0,0,0,0,0,0,0,0,0,0,0,0,0,0,0,0,0,0,0,0,0,0,0,0,0,0,0,0,0,0,0,0,0,0,0,0,0,0,0,0,0,0
1350,338.632,305.961,1375,66,342,451,555,158,61,33,25,19,7,14,11,3,7,6,4,1,8,5,5,6,0,0,6,5,2,3,2,3,1,3,0,2,2,0,0,1,3,2,2,1,3,4,1,2,2,3,1,1,6,8,6,8,10,5,6,7,8,9,7,12,8,17,9,12,18,22,14,16,20,18,19,14,10,13,8,7,11,9,8,8,8,6,12,7,7,9,7,9,2,4,8,4,3,3,1,3,1,2,1,0,0,0,0,1,0,0,0,0,0,0,1,0,0,0,0,0,0,0,0,0,0,0,0,0,0,0,0,0,0,0,0,0,0,0,0,0,0,0,0,0,0,0,0,0,0,0,0,0,0,0,0,0,0,0,0,0,0,0,0,0,0,0,0,0,0,0,0,0,0,0,0,0,0,0,0,0,0,0,0,0,0,0,0,0,0,0,0,0,0,0,0,0,0,0,0,0,0,0,0,0,0,0,0,0,0,0,0,0,0,0,0,0,0,0,0,0,0,0,0,0
1451,346.704,306.838,1491,291,511,672,167,55,35,19,20,15,10,12,6,10,10,5,5,7,6,1,2,2,4,2,4,1,2,5,3,6,1,1,3,2,2,4,1,2,0,0,2,1,1,4,2,2,2,3,2,4,2,5,3,4,6,6,4,4,2,7,6,10,8,14,18,12,10,14,16,15,13,20,18,27,14,19,9,14,9,8,8,12,10,9,2,5,0,1,0,0,2,0,0,0,0,0,0,1,0,0,0,0,0,0,0,0,0,0,0,0,0,0,0,0,0,0,0,0,0,0,0,0,0,0,0,0,0,0,0,0,0,0,0,0,0,0,0,0,0,0,0,0,0,0,0,0,0,0,0,0,0,0,0,0,0,0,0,0,0,0,0,0,0,0,0,0,0,0,0,0,0,0,0,0,0,0,0,0,0,0,0,0,0,0,0,0,0,0,0,0,0,0,0,0,0,0,0,0,0,0,0,0,0,0,0,0,0,0,0,0,0,0,0,0,0,0,0,0,0,0,0,0
1350,268.293,305.961,1325,44,292,384,411,101,39,27,9,5,5,11,5,2,8,7,2,2,5,4,4,1,5,2,4,0,0,1,1,1,3,2,3,4,1,3,1,3,3,3,1,4,1,6,7,6,6,9,13,11,11,12,13,10,14,16,13,13,17,10,13,11,10,9,5,7,9,10,4,6,8,5,2,4,3,2,2,2,1,4,0,0,2,0,0,0,0,0,0,0,0,0,0,0,0,0,0,0,0,0,0,0,0,0,0,0,0,0,0,0,0,0,0,0,0,0,0,0,0,0,0,0,0,0,0,0,0,0,0,0,0,0,0,0,0,0,0,0,0,0,0,0,0,0,0,0,0,0,0,0,0,0,0,0,0,0,0,0,0,0,0,0,0,0,0,0,0,0,0,0,0,0,0,0,0,0,0,0,0,0,0,0,0,0,0,0,0,0,0,0,0,0,0,0,0,0,0,0,0,0,0,0,0,0,0,0,0,0,0,0,0,0,0,0,0,0,0,0,0,0,0,0
1252,302.304,310.26,1252,55,195,197,224,124,70,44,35,25,21,20,15,17,11,4,5,5,1,5,1,1,3,7,7,1,0,1,1,1,2,5,1,2,1,1,4,2,4,7,7,7,7,6,4,7,10,11,18,11,14,13,10,23,13,13,21,18,20,16,30,23,22,28,21,21,27,30,18,25,17,10,15,11,14,11,4,4,5,3,1,1,2,0,0,0,0,0,0,1,0,0,0,1,0,0,0,0,0,0,0,0,0,0,0,0,0,0,0,0,0,0,0,0,0,0,0,0,0,0,0,0,0,0,0,0,0,1,0,0,0,0,0,0,0,0,0,0,0,0,0,0,0,0,0,0,0,0,0,0,0,0,0,0,0,0,0,0,0,0,0,0,0,0,0,0,0,0,0,0,0,0,0,0,0,0,0,0,0,0,0,0,0,0,0,0,0,0,0,0,0,0,0,0,0,0,0,0,0,0,0,0,0,0,0,0,0,0,0,0,0,0,0,0,0,0,0,0,0,0,0,0
1363,302.478,302.312,1363,12,131,272,332,175,89,54,23,29,26,15,6,11,7,4,3,2,3,2,3,2,2,1,2,1,4,1,6,2,4,0,2,5,2,1,2,8,2,5,1,5,7,6,3,7,4,3,5,6,3,2,9,8,9,20,20,17,26,26,30,23,24,26,29,22,31,23,16,18,10,13,7,2,5,2,1,0,0,0,0,0,0,0,0,0,0,0,0,0,0,0,0,0,0,0,0,0,0,0,0,0,0,0,0,0,0,0,0,0,0,0,0,0,0,0,0,0,0,0,0,0,0,0,0,0,0,0,0,0,0,0,0,0,0,0,0,0,0,0,0,0,0,0,0,0,0,0,0,0,0,0,0,0,0,0,0,0,0,0,0,0,0,0,0,0,0,0,0,0,0,0,0,0,0,0,0,0,0,0,0,0,0,0,0,0,0,0,0,0,0,0,0,0,0,0,0,0,0,0,0,0,0,0,0,0,0,0,0,0,0,0,0,0,0,0,0,0,0,0,0,0
1451,291.133,306.838,1441,236,375,533,130,53,26,23,4,9,8,6,4,5,1,3,3,0,4,3,5,1,2,2,4,1,1,1,3,2,1,2,3,0,2,0,0,2,2,5,2,1,2,3,2,5,5,5,4,5,6,6,6,6,6,12,8,18,12,11,11,21,19,16,11,7,9,11,8,3,4,2,5,0,1,0,0,0,0,1,0,0,1,0,0,0,0,0,0,0,0,0,0,0,0,0,0,0,0,0,0,0,0,0,0,0,0,0,0,0,0,0,0,0,0,0,0,0,0,0,0,0,0,0,0,0,0,0,0,0,0,0,0,0,0,0,0,0,0,0,0,0,0,0,0,0,0,0,0,0,0,0,0,0,0,0,0,0,0,0,0,0,0,0,0,0,0,0,0,0,0,0,0,0,0,0,0,0,0,0,0,0,0,0,0,0,0,0,0,0,0,0,0,0,0,0,0,0,0,0,0,0,0,0,0,0,0,0,0,0,0,0,0,0,0,0,0,0,0,0,0,0
1350,305.961,305.961,1350,32,241,339,372,108,35,30,16,10,14,4,6,3,4,6,2,2,2,0,2,5,2,3,2,1,2,0,0,2,1,3,0,1,1,4,1,2,0,2,4,2,0,4,1,4,3,3,2,2,3,6,10,5,5,12,6,11,11,7,12,12,9,10,12,13,7,13,6,12,4,6,6,4,7,4,3,7,4,3,2,2,4,2,2,0,3,1,0,0,0,0,1,0,0,0,0,0,0,0,0,0,0,0,0,0,0,0,0,0,0,0,0,0,0,0,0,0,0,0,0,0,0,0,0,0,0,0,0,0,0,0,0,0,0,0,0,0,0,0,0,0,0,0,0,0,0,0,0,0,0,0,0,0,0,0,0,0,0,0,0,0,0,0,0,0,0,0,0,0,0,0,0,0,0,0,0,0,0,0,0,0,0,0,0,0,0,0,0,0,0,0,0,0,0,0,0,0,0,0,0,0,0,0,0,0,0,0,0,0,0,0,0,0,0,0,0,0,0,0,0,0
1252,310.26,310.26,1252,51,170,240,214,91,53,30,39,19,18,15,14,5,6,8,4,2,4,1,4,1,3,1,2,1,0,4,3,0,4,3,2,2,1,1,6,5,7,4,9,5,6,7,2,5,5,11,7,8,7,6,14,5,11,10,14,18,16,14,24,27,20,19,19,19,19,18,16,20,21,20,17,17,9,7,4,4,6,1,2,2,0,1,0,0,0,0,0,0,0,0,0,0,0,1,0,0,0,0,0,0,0,0,0,0,0,0,0,0,0,0,0,0,0,0,0,0,0,0,0,0,0,0,0,1,0,0,0,0,0,0,0,0,0,0,0,0,0,0,0,0,0,0,0,0,0,0,0,0,0,0,0,0,0,0,0,0,0,0,0,0,0,0,0,0,0,0,0,0,0,0,0,0,0,0,0,0,0,0,0,0,0,0,0,0,0,0,0,0,0,0,0,0,0,0,0,0,0,0,0,0,0,0,0,0,0,0,0,0,0,0,0,0,0,0,0,0,0,0,0,0
1363,302.312,302.312,1363,10,119,217,295,170,71,48,36,21,14,14,7,8,7,3,7,5,1,4,1,0,1,2,4,2,2,2,2,0,0,4,3,0,3,2,1,5,2,3,2,6,5,4,3,7,3,3,3,5,6,5,9,6,13,17,15,19,26,24,23,30,19,24,19,18,21,20,15,11,19,11,9,6,5,1,2,0,1,0,0,0,0,0,0,1,0,0,0,0,0,0,0,0,0,0,0,0,0,0,0,0,0,0,0,0,0,0,0,0,0,0,0,0,0,0,0,0,0,0,0,0,0,0,0,0,0,0,0,0,0,0,0,0,0,0,0,0,0,0,0,0,0,0,0,0,0,0,0,0,0,0,0,0,0,0,0,0,0,0,0,0,0,0,0,0,0,0,0,0,0,0,0,0,0,0,0,0,0,0,0,0,0,0,0,0,0,0,0,0,0,0,0,0,0,0,0,0,0,0,0,0,0,0,0,0,0,0,0,0,0,0,0,0,0,0,0,0,0,0,0,0
1451,306.838,306.838,1451,187,355,440,124,36,19,20,11,6,10,4,8,4,1,2,4,4,1,5,1,1,4,1,1,0,3,2,1,3,2,0,1,0,3,0,2,2,1,1,0,1,2,0,1,1,4,7,2,3,0,3,5,2,4,5,9,13,16,17,10,8,24,14,14,15,11,15,17,9,6,8,5,5,2,1,1,1,0,0,0,1,0,0,0,0,0,0,0,0,0,0,0,0,0,0,0,0,0,0,0,0,0,0,0,0,0,0,0,0,0,0,0,0,0,0,0,0,0,0,0,0,0,0,0,0,0,0,0,0,0,0,0,0,0,0,0,0,0,0,0,0,0,0,0,0,0,0,0,0,0,0,0,0,0,0,0,0,0,0,0,0,0,0,0,0,0,0,0,0,0,0,0,0,0,0,0,0,0,0,0,0,0,0,0,0,0,0,0,0,0,0,0,0,0,0,0,0,0,0,0,0,0,0,0,0,0,0,0,0,0,0,0,0,0,0,0,0,0,0,0,0

